text,label
bank asset bank asset,finance
server docker devops cloud,tech
trading interest interest portfolio,finance
tennis basketball stadium tennis,sports
python microservice devops server,tech
stock portfolio dividend bank bank,finance
tennis player player league,sports
stadium player coach league goal player champion,sports
git docker api kubernetes python python server,tech
league tennis match coach basketball,sports
trading asset dividend,finance
champion goal basketball tennis,sports
git microservice server microservice,tech
bank trading stock bank asset bond,finance
server devops microservice docker devops microservice microservice,tech
coach champion tennis tennis,sports
player football champion tennis stadium basketball league,sports
basketball tennis stadium,sports
microservice devops server,tech
cloud python server git python,tech
kubernetes microservice git database database,tech
investment interest dividend asset bank stock interest,finance
database devops python database docker devops docker,tech
api api cloud python cloud,tech
stock interest dividend stock,finance
market bond investment trading portfolio dividend asset,finance
kubernetes api python python database git,tech
python git devops server server,tech
bond asset bank stock bond,finance
stadium football stadium,sports
cloud git devops,tech
database cloud devops,tech
server docker git,tech
api kubernetes devops,tech
goal league champion champion league football football,sports
kubernetes python database api devops docker python,tech
database python cloud microservice git,tech
goal stadium coach match league champion,sports
api server api docker microservice api,tech
league stadium player,sports
market asset portfolio,finance
player player champion,sports
basketball basketball stadium,sports
stock investment trading bond dividend investment bank,finance
league match league basketball football football,sports
football goal football tennis stadium tennis,sports
python python api,tech
asset market portfolio,finance
interest dividend portfolio interest interest,finance
tennis player champion match coach champion goal,sports
asset investment investment market,finance
market portfolio interest,finance
interest asset stock trading bank,finance
database microservice cloud database,tech
stock dividend interest bond portfolio,finance
microservice server docker cloud git cloud,tech
dividend investment asset,finance
docker devops git,tech
devops database docker devops,tech
tennis basketball player football stadium champion tennis,sports
server git api cloud server,tech
trading trading bond trading,finance
python api devops,tech
python database server git,tech
interest investment market portfolio portfolio portfolio,finance
investment bond dividend investment dividend,finance
portfolio trading asset trading bond,finance
bond market interest investment,finance
stadium match tennis football match tennis,sports
bank bond interest investment interest,finance
stadium basketball stadium player tennis,sports
player basketball league champion basketball basketball,sports
goal match coach player league,sports
asset asset portfolio market interest stock interest,finance
bond bank market,finance
server git api database python docker,tech
coach coach coach league stadium,sports
goal football player football champion champion,sports
bank dividend interest,finance
bank interest dividend dividend interest investment,finance
stock market asset dividend investment interest bond,finance
trading dividend trading interest interest stock,finance
cloud cloud database kubernetes api devops python,tech
server api api microservice microservice,tech
tennis goal tennis,sports
server python cloud cloud server api git,tech
player player champion champion stadium goal,sports
trading dividend bond bond interest trading stock,finance
asset trading asset interest stock,finance
trading interest investment dividend trading,finance
devops docker microservice docker kubernetes kubernetes,tech
player basketball coach coach stadium,sports
dividend dividend bond bond,finance
asset bond dividend dividend,finance
api cloud api python,tech
asset bond asset trading,finance
cloud server docker,tech
docker microservice python devops database api,tech
player goal player league league stadium,sports
api python microservice microservice kubernetes docker,tech
api kubernetes microservice database api server git,tech
coach coach player basketball stadium,sports
portfolio bank interest bank dividend portfolio trading,finance
stock interest investment interest,finance
market bond investment bond,finance
asset stock bond,finance
goal league champion stadium,sports
champion match match,sports
league football goal coach player tennis,sports
cloud database microservice kubernetes,tech
bank bond trading dividend,finance
devops docker python devops,tech
kubernetes git python database api git,tech
python git api server database,tech
devops python database,tech
docker docker cloud,tech
player match football,sports
python cloud cloud,tech
docker git git kubernetes git server server,tech
goal football stadium basketball,sports
stadium league basketball football basketball,sports
football basketball match basketball tennis,sports
goal league player coach,sports
dividend investment investment stock bank stock bond,finance
server python devops git,tech
portfolio bank dividend bond market interest portfolio,finance
trading dividend bond bank,finance
git git server cloud,tech
server cloud python python database microservice,tech
tennis coach goal goal champion,sports
server database devops,tech
market investment stock bank stock asset interest,finance
trading stock trading dividend trading,finance
interest market portfolio bond,finance
bond portfolio bank investment investment,finance
match league goal tennis champion,sports
database database git kubernetes cloud,tech
bank interest investment trading interest,finance
kubernetes database kubernetes,tech
player champion league stadium,sports
stock bond dividend,finance
bank portfolio investment asset stock market market,finance
bank interest market dividend interest,finance
bond dividend dividend asset trading,finance
portfolio interest trading bond investment market trading,finance
portfolio trading asset stock bank dividend,finance
cloud kubernetes git,tech
api git git docker,tech
investment portfolio interest market,finance
docker api python python database,tech
cloud git database cloud microservice docker,tech
devops python api devops microservice cloud,tech
champion football match coach match champion,sports
league player stadium basketball football coach,sports
cloud docker cloud,tech
interest asset bank investment stock portfolio,finance
git kubernetes docker microservice database,tech
kubernetes kubernetes kubernetes python python server,tech
stock dividend dividend trading,finance
kubernetes python docker microservice api,tech
market market bond bond,finance
basketball football stadium,sports
stadium stadium goal league player,sports
api git devops git api,tech
devops server kubernetes,tech
interest asset interest market asset stock,finance
goal tennis basketball,sports
api docker api cloud kubernetes,tech
stadium league goal basketball league,sports
champion champion champion stadium stadium league,sports
league match goal basketball match goal player,sports
match stadium tennis player match,sports
coach stadium league player,sports
coach goal match tennis basketball,sports
bond dividend investment,finance
python python server api api kubernetes database,tech
tennis match stadium coach,sports
api python python cloud kubernetes kubernetes devops,tech
python kubernetes docker api server,tech
dividend trading portfolio,finance
devops cloud docker devops,tech
cloud microservice microservice cloud python server database,tech
api docker python devops,tech
cloud database kubernetes database docker python,tech
bond stock bond bond bank asset investment,finance
champion tennis league player stadium,sports
basketball basketball champion,sports
python api microservice database devops cloud,tech
trading investment market bond bank asset,finance
python docker api docker git,tech
investment market bank bank market stock,finance
git git kubernetes kubernetes microservice,tech
devops cloud devops cloud,tech
interest stock asset,finance
database git cloud microservice server,tech
tennis tennis football basketball coach,sports
champion match football,sports
market portfolio bank trading portfolio,finance
player league coach goal,sports
champion match league,sports
trading trading asset dividend,finance
trading trading bank,finance
tennis stadium basketball league league player,sports
interest market dividend bank stock market portfolio,finance
asset trading asset dividend interest stock,finance
coach football player basketball basketball goal basketball,sports
champion goal football,sports
champion coach league,sports
match match league match league,sports
api server python,tech
devops microservice microservice api devops docker,tech
stock stock dividend bank investment,finance
coach stadium league goal,sports
kubernetes microservice python git api,tech
tennis league stadium league,sports
stock trading stock investment bond dividend bank,finance
kubernetes devops microservice microservice devops,tech
kubernetes git docker git microservice docker,tech
cloud devops docker microservice microservice git,tech
basketball coach match league coach,sports
goal stadium basketball player champion stadium champion,sports
match player match coach tennis league goal,sports
devops database devops server docker,tech
devops microservice docker api microservice microservice api,tech
api server python,tech
microservice docker kubernetes database python docker kubernetes,tech
investment trading trading,finance
stock dividend dividend trading,finance
player match league football league basketball stadium,sports
interest investment asset bank trading investment,finance
tennis tennis football player,sports
asset dividend bond portfolio investment investment,finance
database microservice git server cloud,tech
market bond bank,finance
player tennis basketball,sports
database python git database,tech
coach player stadium match coach basketball player,sports
docker api server cloud server microservice python,tech
cloud server docker,tech
dividend bond bond dividend investment,finance
champion champion football match,sports
league match champion,sports
investment bond bond,finance
kubernetes cloud cloud cloud kubernetes kubernetes git,tech
champion champion tennis tennis,sports
player tennis stadium basketball league stadium,sports
bank bank stock stock trading investment bank,finance
bank stock market investment market market,finance
bond stock stock portfolio stock,finance
asset trading investment bank asset bond investment,finance
bank dividend bank market,finance
champion league stadium tennis match,sports
trading trading bond,finance
kubernetes api python,tech
league tennis champion basketball goal champion football,sports
git python kubernetes microservice,tech
bond stock bond,finance
asset dividend interest stock stock portfolio,finance
database microservice kubernetes python docker,tech
server database server database git cloud kubernetes,tech
bank dividend stock bond market,finance
microservice api git api,tech
stadium champion league stadium league,sports
asset portfolio portfolio investment bank,finance
microservice git kubernetes microservice docker microservice api,tech
docker api cloud,tech
market dividend investment,finance
kubernetes git api api docker microservice database,tech
cloud database server git,tech
bank bank bank market investment portfolio stock,finance
portfolio portfolio investment trading investment asset,finance
stadium league tennis tennis coach goal player,sports
champion champion coach,sports
stadium basketball basketball league,sports
bond stock dividend bond asset,finance
football champion goal,sports
server python api server python docker,tech
player player champion,sports
basketball basketball basketball tennis player champion,sports
football football tennis match league,sports
league tennis champion stadium,sports
cloud microservice kubernetes,tech
goal champion player league football league,sports
asset asset dividend asset stock asset,finance
trading market bond asset dividend bond dividend,finance
dividend asset portfolio bank stock,finance
player football champion football league,sports
investment portfolio portfolio,finance
trading portfolio bank trading bond market bond,finance
tennis football stadium,sports
interest investment trading,finance
kubernetes microservice git database,tech
python microservice devops,tech
asset bond market stock,finance
basketball champion goal basketball champion match,sports
basketball goal goal,sports
dividend portfolio asset investment investment portfolio,finance
player tennis match coach basketball,sports
python python server python python git,tech
market trading bank investment dividend trading dividend,finance
microservice docker docker cloud devops,tech
football goal match player match match,sports
python python kubernetes server devops,tech
basketball player stadium champion goal,sports
portfolio bank bank interest stock bank,finance
stadium player match goal coach basketball,sports
server devops kubernetes kubernetes,tech
tennis basketball player stadium tennis tennis,sports
bank market stock interest asset interest bond,finance
git api git,tech
git microservice python devops server git,tech
server database kubernetes devops,tech
market investment investment bond bank bond,finance
asset trading stock,finance
match champion goal,sports
market portfolio asset portfolio investment dividend,finance
database devops kubernetes git cloud microservice,tech
cloud microservice devops devops docker,tech
database devops git cloud database kubernetes,tech
champion player match,sports
trading trading market asset interest investment interest,finance
api server microservice microservice database git,tech
devops api server api devops,tech
api git database docker microservice,tech
bond dividend dividend asset market,finance
database cloud api server python server,tech
bank bank dividend,finance
interest market interest investment portfolio,finance
python git python python docker python devops,tech
kubernetes python kubernetes,tech
api cloud cloud,tech
interest portfolio asset stock portfolio market,finance
cloud microservice microservice git git,tech
portfolio trading dividend market investment interest market,finance
tennis tennis basketball basketball match,sports
interest asset portfolio market trading investment market,finance
stadium tennis tennis football coach,sports
dividend bond bond market trading bank bond,finance
cloud api server api git,tech
cloud kubernetes docker python git docker,tech
investment investment portfolio stock,finance
portfolio market dividend,finance
player stadium stadium,sports
tennis basketball football basketball,sports
bond interest bank bond market market interest,finance
goal tennis tennis basketball,sports
coach basketball champion basketball,sports
market bond bond investment,finance
python kubernetes kubernetes docker server,tech
bank portfolio market bond bank portfolio portfolio,finance
football match coach football tennis,sports
match stadium player basketball basketball tennis,sports
goal goal champion league coach,sports
api microservice docker api,tech
champion football champion basketball,sports
cloud api server microservice server,tech
api cloud kubernetes database database microservice database,tech
asset portfolio stock portfolio market trading bank,finance
football coach stadium basketball match tennis goal,sports
python kubernetes python microservice devops server,tech
trading portfolio bond bond investment portfolio bond,finance
match basketball tennis tennis champion stadium,sports
portfolio asset bond asset bond stock portfolio,finance
champion coach league match,sports
stadium basketball stadium league match player goal,sports
interest asset dividend market asset trading,finance
market stock stock investment bank market,finance
stock portfolio investment asset,finance
microservice python server devops database devops,tech
goal champion tennis tennis football basketball,sports
basketball match tennis,sports
football coach goal match league,sports
basketball league champion,sports
coach coach football champion stadium coach player,sports
investment investment asset bank stock,finance
bank dividend market stock interest portfolio bond,finance
basketball league goal football tennis basketball match,sports
coach stadium coach football league stadium coach,sports
bank asset dividend stock,finance
api python server python server git python,tech
match coach champion match stadium tennis,sports
cloud git kubernetes server database,tech
bond trading bond,finance
bond asset portfolio,finance
api docker git cloud,tech
database devops devops,tech
devops database docker,tech
player league goal,sports
investment stock bond market bank,finance
match champion tennis player goal league,sports
coach basketball tennis stadium tennis basketball,sports
champion basketball tennis stadium match football basketball,sports
server api database kubernetes,tech
bank trading trading investment trading,finance
stock portfolio bank market interest market asset,finance
player player league goal league,sports
investment bond portfolio asset,finance
python database server,tech
trading interest stock asset,finance
portfolio dividend market,finance
interest market investment,finance
interest investment portfolio stock,finance
tennis stadium champion tennis football player,sports
python cloud microservice docker kubernetes cloud,tech
investment dividend stock bond dividend stock dividend,finance
goal league goal,sports
dividend dividend bond interest dividend interest,finance
devops cloud devops,tech
trading trading interest,finance
goal basketball football goal,sports
api kubernetes devops docker,tech
interest trading asset market,finance
trading market asset dividend asset,finance
dividend bond investment bank dividend interest,finance
asset trading dividend interest investment,finance
player coach basketball,sports
match tennis champion match,sports
interest market dividend bond investment,finance
cloud python cloud kubernetes microservice,tech
interest stock asset stock portfolio portfolio,finance
league player champion coach stadium basketball tennis,sports
portfolio trading investment bank trading interest,finance
python microservice api database,tech
market portfolio stock,finance
cloud docker microservice cloud database api kubernetes,tech
interest asset dividend bank,finance
python cloud api git cloud,tech
coach match tennis,sports
league goal match player champion coach,sports
cloud server git git git,tech
git cloud git cloud api api,tech
devops server git python git,tech
api kubernetes git,tech
coach goal champion match player,sports
football coach match,sports
api database docker api cloud devops devops,tech
bond market trading market stock bond dividend,finance
api microservice python python,tech
player match player football,sports
interest portfolio portfolio,finance
python docker database,tech
champion stadium match,sports
portfolio asset market investment stock,finance
stadium league player coach coach football stadium,sports
python devops api server,tech
stadium goal goal football,sports
python docker python git microservice database cloud,tech
player champion football tennis,sports
python python database docker git kubernetes git,tech
league coach stadium,sports
tennis coach player tennis coach player league,sports
portfolio portfolio market portfolio investment stock,finance
bank portfolio bond portfolio bond dividend,finance
league league basketball player,sports
goal coach match,sports
python kubernetes python server database devops,tech
docker devops docker,tech
tennis league player coach coach champion,sports
cloud kubernetes python kubernetes database,tech
dividend bond investment bond market,finance
goal basketball tennis football champion tennis,sports
tennis league basketball stadium,sports
match goal goal,sports
match football player coach champion,sports
python kubernetes git microservice python server database,tech
trading stock portfolio bond,finance
dividend investment portfolio portfolio,finance
dividend stock portfolio trading portfolio,finance
docker python git kubernetes microservice git microservice,tech
stock asset market market trading trading interest,finance
kubernetes cloud server api server,tech
league match basketball tennis goal goal league,sports
coach stadium league player goal basketball league,sports
python database docker devops,tech
cloud git docker,tech
bank stock asset asset bank investment market,finance
match tennis player football football,sports
server devops microservice,tech
stock asset bond portfolio portfolio,finance
match tennis champion champion tennis tennis player,sports
league stadium coach stadium football,sports
server server docker database docker cloud server,tech
stock stock interest stock stock interest,finance
database python cloud kubernetes microservice database python,tech
database docker kubernetes git database,tech
stadium basketball match,sports
league goal tennis champion football football coach,sports
coach match player league stadium,sports
market dividend stock bond trading bank,finance
bond bank interest dividend market stock investment,finance
coach champion stadium match,sports
portfolio asset bank bank bank market,finance
trading stock stock bank dividend stock stock,finance
interest bank bond bank trading market bank,finance
docker docker microservice git docker python,tech
champion basketball player player football tennis,sports
player stadium coach tennis stadium,sports
kubernetes docker api api cloud database api,tech
coach coach basketball champion stadium tennis goal,sports
goal tennis goal basketball,sports
league coach stadium match,sports
player goal champion goal stadium,sports
champion player champion basketball goal,sports
league league stadium,sports
stock bond investment stock market trading interest,finance
market trading market,finance
docker cloud docker devops devops python docker,tech
basketball basketball tennis,sports
microservice server microservice devops devops database,tech
league goal goal,sports
kubernetes python server server python docker,tech
dividend trading trading interest,finance
trading asset portfolio,finance
stadium match basketball coach basketball stadium,sports
match champion football tennis stadium,sports
kubernetes microservice server microservice database cloud api,tech
league basketball basketball league,sports
api kubernetes microservice database,tech
match football stadium league champion tennis stadium,sports
git api microservice docker,tech
champion match stadium goal match,sports
basketball football player coach basketball,sports
stadium football league tennis football champion match,sports
basketball basketball goal,sports
kubernetes microservice kubernetes,tech
investment trading portfolio,finance
interest bank stock,finance
football stadium coach league match,sports
microservice docker cloud microservice docker cloud devops,tech
kubernetes docker docker devops,tech
tennis football player league,sports
champion champion player,sports
database server docker git database kubernetes,tech
bond portfolio stock asset market,finance
asset stock bank interest,finance
api devops devops,tech
database cloud devops python microservice,tech
stock asset trading portfolio investment,finance
champion football champion goal stadium league basketball,sports
server docker git,tech
stadium league player player coach,sports
cloud devops cloud,tech
bank dividend investment stock bank dividend,finance
database database devops database,tech
cloud cloud devops git devops microservice,tech
trading bond trading,finance
api docker microservice api api microservice,tech
tennis champion match football tennis coach champion,sports
champion stadium basketball,sports
python kubernetes database server kubernetes,tech
api api cloud microservice microservice,tech
kubernetes api cloud devops docker,tech
bank investment bank investment,finance
investment bond bank interest trading market market,finance
stadium league basketball champion match player match,sports
match basketball coach,sports
market asset interest,finance
match match champion basketball stadium,sports
league goal match tennis league basketball,sports
api microservice docker,tech
match champion tennis champion tennis league,sports
basketball stadium football,sports
investment bond market trading trading stock bond,finance
devops server git,tech
coach player goal basketball player,sports
interest market market dividend trading bank,finance
interest trading stock market interest dividend,finance
stock bond market bond market,finance
database database microservice database server devops python,tech
bank dividend portfolio interest investment asset,finance
microservice docker kubernetes kubernetes server cloud,tech
api docker cloud,tech
basketball football basketball basketball stadium,sports
server database python,tech
asset trading asset,finance
trading stock bond,finance
git kubernetes python api docker,tech
interest bond bond market bank stock,finance
bank investment interest asset,finance
coach match basketball goal,sports
python server git,tech
docker devops git database devops kubernetes,tech
match tennis stadium stadium football,sports
api api kubernetes devops api,tech
git git git python,tech
investment investment interest investment portfolio,finance
match tennis stadium basketball match goal,sports
goal coach football,sports
goal stadium player champion,sports
bond dividend bond portfolio dividend investment,finance
investment bank bank interest,finance
champion tennis basketball,sports
stock trading portfolio,finance
asset interest bank bank bank,finance
market portfolio interest portfolio,finance
market asset dividend dividend investment trading portfolio,finance
cloud python cloud database python,tech
coach player match stadium,sports
microservice database docker,tech
goal league league,sports
